emails;text
vlyga@inbox.ru, info@gigatech.ru;"Здравствуйте, мы Celerfide, команда разработчиков, которые помогают бизнесу оптимизировать процессы электромонтажных работ. Мы наблюдаем растущий интерес к решениям, которые повышают эффективность и безопасность проектов в этой области, и уверены, что наш опыт может быть полезен ООО ""Гигатек-инженерные системы"".

Не секрет, что ИИ — прорывная технология, которая помогает оптимизировать бизнес-процессы, особенно сейчас, когда российскому бизнесу важно снижать издержки и держать высокий уровень сервиса. Например:

— Отсекать неподходящие обращения и поднимать наверх тех, кто готов купить.
— Автоматически отвечать клиентам и передавать заявки нужному сотруднику.
— Считывать счета, договоры и анкеты и заносить данные в ваши системы.
— Давать руководителю единую панель показателей (сроки, загрузка, узкие места).

Мы — команда опытных разработчиков, помогаем бизнесу в России внедрять прикладной ИИ без сложных интеграций. Предлагаем начать с пилота на одном процессе и через 2–4 недели увидеть результат в цифрах — время отклика, конверсию и экономию часов.

Давайте созвонимся на 15 минут, чтобы обсудить детали и выбрать процесс для пилота. Вам удобно завтра в 12:00?

С уважением,
команда Celerfide"
e.levenec@creditznatok.ru, e.leurdo@creditznatok.ru, creditznatok@creditznatok.ru, editors@creditznatok.ru, banks@creditznatok.ru, info@creditznatok.ru, support@creditznatok.ru, sales@creditznatok.ru, pr@creditznatok.ru;"Здравствуйте, мы Celerfide, команда разработчиков, которые помогают бизнесу оптимизировать процессы за счет эффективного программного обеспечения. Мы наблюдаем за проектами ООО ""Цпа Медиа"" и ценим ваш подход к инновациям в разработке программных решений для клиентов.

Не секрет, что ИИ — прорывная технология, которая помогает оптимизировать бизнес-процессы, особенно сейчас, когда российскому бизнесу важно снижать издержки и держать высокий уровень сервиса. Например:

— Отсекать неподходящие обращения и поднимать наверх тех, кто готов купить.
— Автоматически отвечать клиентам и передавать заявки нужному сотруднику.
— Считывать счета, договоры и анкеты и заносить данные в ваши системы.
— Давать руководителю единую панель показателей (сроки, загрузка, узкие места).

Мы — команда опытных разработчиков, помогаем бизнесу в России внедрять прикладной ИИ без сложных интеграций. Предлагаем начать с пилота на одном процессе и через 2–4 недели увидеть результат в цифрах — время отклика, конверсию и экономию часов.

Давайте созвонимся на 15 минут, чтобы обсудить детали и выбрать процесс для пилота. Вам удобно завтра в 12:00?

С уважением,
команда Celerfide"
office@energostat.ru, art@energostat.ru, info@energostat.ru;"Здравствуйте, мы Celerfide, команда разработчиков, которые помогают бизнесу оптимизировать процессы через высококачественное программное обеспечение. Мы заметили, что ваша компания активно занимается разработкой решений в сфере IT, и уверены, что можем предложить инновационные подходы для повышения эффективности ваших проектов.

Не секрет, что ИИ — прорывная технология, которая помогает оптимизировать бизнес-процессы, особенно сейчас, когда российскому бизнесу важно снижать издержки и держать высокий уровень сервиса. Например:

— Отсекать неподходящие обращения и поднимать наверх тех, кто готов купить.
— Автоматически отвечать клиентам и передавать заявки нужному сотруднику.
— Считывать счета, договоры и анкеты и заносить данные в ваши системы.
— Давать руководителю единую панель показателей (сроки, загрузка, узкие места).

Мы — команда опытных разработчиков, помогаем бизнесу в России внедрять прикладной ИИ без сложных интеграций. Предлагаем начать с пилота на одном процессе и через 2–4 недели увидеть результат в цифрах — время отклика, конверсию и экономию часов.

Давайте созвонимся на 15 минут, чтобы обсудить детали и выбрать процесс для пилота. Вам удобно завтра в 12:00?

С уважением,
команда Celerfide"
contact@rikitlab.com;"Здравствуйте, мы Celerfide, команда разработчиков, которые помогают бизнесу оптимизировать управление компьютерным оборудованием. Мы заметили, что ООО ""Рикитлаб"" активно занимается этой сферой и хотели бы предложить решение, которое улучшит эффективность ваших проектов и систем.

Не секрет, что ИИ — прорывная технология, которая помогает оптимизировать бизнес-процессы, особенно сейчас, когда российскому бизнесу важно снижать издержки и держать высокий уровень сервиса. Например:

— Отсекать неподходящие обращения и поднимать наверх тех, кто готов купить.
— Автоматически отвечать клиентам и передавать заявки нужному сотруднику.
— Считывать счета, договоры и анкеты и заносить данные в ваши системы.
— Давать руководителю единую панель показателей (сроки, загрузка, узкие места).

Мы — команда опытных разработчиков, помогаем бизнесу в России внедрять прикладной ИИ без сложных интеграций. Предлагаем начать с пилота на одном процессе и через 2–4 недели увидеть результат в цифрах — время отклика, конверсию и экономию часов.

Давайте созвонимся на 15 минут, чтобы обсудить детали и выбрать процесс для пилота. Вам удобно завтра в 12:00?

С уважением,
команда Celerfide"
crm@infocom-s.ru;"Здравствуйте, мы Celerfide, команда разработчиков, которые помогают бизнесу оптимизировать процессы через инновационные программные решения. Мы заметили, что ваша компания, ООО ""Ваш Интегратор"", специализируется на разработке ПО, и мы уверены, что наше сотрудничество может значительно повысить эффективность ваших проектов.

Не секрет, что ИИ — прорывная технология, которая помогает оптимизировать бизнес-процессы, особенно сейчас, когда российскому бизнесу важно снижать издержки и держать высокий уровень сервиса. Например:

— Отсекать неподходящие обращения и поднимать наверх тех, кто готов купить.
— Автоматически отвечать клиентам и передавать заявки нужному сотруднику.
— Считывать счета, договоры и анкеты и заносить данные в ваши системы.
— Давать руководителю единую панель показателей (сроки, загрузка, узкие места).

Мы — команда опытных разработчиков, помогаем бизнесу в России внедрять прикладной ИИ без сложных интеграций. Предлагаем начать с пилота на одном процессе и через 2–4 недели увидеть результат в цифрах — время отклика, конверсию и экономию часов.

Давайте созвонимся на 15 минут, чтобы обсудить детали и выбрать процесс для пилота. Вам удобно завтра в 12:00?

С уважением,
команда Celerfide"
